-- phpMyAdmin SQL Dump
-- version 4.8.4
-- https://www.phpmyadmin.net/
--
-- Host: 127.0.0.1
-- Generation Time: 06-Out-2019 às 18:32
-- Versão do servidor: 10.1.37-MariaDB
-- versão do PHP: 7.3.1

SET SQL_MODE = "NO_AUTO_VALUE_ON_ZERO";
SET AUTOCOMMIT = 0;
START TRANSACTION;
SET time_zone = "+00:00";


/*!40101 SET @OLD_CHARACTER_SET_CLIENT=@@CHARACTER_SET_CLIENT */;
/*!40101 SET @OLD_CHARACTER_SET_RESULTS=@@CHARACTER_SET_RESULTS */;
/*!40101 SET @OLD_COLLATION_CONNECTION=@@COLLATION_CONNECTION */;
/*!40101 SET NAMES utf8mb4 */;

--
-- Database: `lp2_rubens`
--

-- --------------------------------------------------------

--
-- Estrutura da tabela `carrossel_imagem`
--

CREATE TABLE `carrossel_imagem` (
  `id` int(11) NOT NULL,
  `img` varchar(100) NOT NULL
) ENGINE=InnoDB DEFAULT CHARSET=latin1;

--
-- Extraindo dados da tabela `carrossel_imagem`
--

INSERT INTO `carrossel_imagem` (`id`, `img`) VALUES
(1, 'img_carrossel_1.jpg'),
(2, 'img_carrossel_2.jpg'),
(3, 'img_carrossel_3.jpg'),
(5, 'img_carrossel_5.jpg'),
(6, 'img_carrossel_6.jpg');

-- --------------------------------------------------------

--
-- Estrutura da tabela `categoria`
--

CREATE TABLE `categoria` (
  `id` int(11) NOT NULL,
  `nome` varchar(100) NOT NULL,
  `id_pai` int(11) NOT NULL,
  `img` varchar(100) NOT NULL
) ENGINE=InnoDB DEFAULT CHARSET=latin1;

--
-- Extraindo dados da tabela `categoria`
--

INSERT INTO `categoria` (`id`, `nome`, `id_pai`, `img`) VALUES
(1, 'Nintendo', 0, 'img_lista_1.jpg'),
(2, 'Sony', 0, 'img_lista_2.jpg'),
(3, 'Microsoft', 0, 'img_lista_3.jpg'),
(4, 'Consoles', 1, ''),
(5, 'Acessorios', 1, ''),
(6, 'Jogos', 1, ''),
(7, 'Consoles', 2, ''),
(10, 'Acessorios', 2, ''),
(11, 'Consoles', 3, ''),
(12, 'Jogos', 3, ''),
(13, 'Acessorios', 3, ''),
(14, 'Jogos', 2, ''),
(15, 'sdasadas', 0, '');

-- --------------------------------------------------------

--
-- Estrutura da tabela `color_site`
--

CREATE TABLE `color_site` (
  `id` int(11) NOT NULL,
  `nome` varchar(25) NOT NULL
) ENGINE=InnoDB DEFAULT CHARSET=latin1;

--
-- Extraindo dados da tabela `color_site`
--

INSERT INTO `color_site` (`id`, `nome`) VALUES
(1, 'red'),
(2, 'pink'),
(3, 'purple'),
(4, 'deep-purple'),
(5, 'indigo'),
(6, 'blue'),
(7, 'light-blue'),
(8, 'cyan'),
(9, 'teal'),
(10, 'green'),
(11, 'light-green'),
(12, 'lime'),
(13, 'yellow '),
(14, 'amber'),
(15, 'orange'),
(16, 'deep-orange'),
(17, 'brown'),
(18, 'grey'),
(19, 'blue-grey'),
(20, 'mdb-color');

-- --------------------------------------------------------

--
-- Estrutura da tabela `contato`
--

CREATE TABLE `contato` (
  `id` int(11) NOT NULL,
  `sobre` varchar(100) NOT NULL,
  `horario` varchar(100) NOT NULL,
  `telefone` varchar(20) NOT NULL,
  `email` varchar(70) NOT NULL,
  `celular` varchar(20) NOT NULL,
  `facebook` varchar(100) NOT NULL,
  `twitter` varchar(100) NOT NULL,
  `instagram` varchar(100) NOT NULL,
  `color_site` varchar(30) NOT NULL
) ENGINE=InnoDB DEFAULT CHARSET=latin1;

--
-- Extraindo dados da tabela `contato`
--

INSERT INTO `contato` (`id`, `sobre`, `horario`, `telefone`, `email`, `celular`, `facebook`, `twitter`, `instagram`, `color_site`) VALUES
(1, 'Algumas informações sobre a Loja.', 'Atendimento de Segunda a Sexta Feira das 08 ás 17hrs.', '(11)2451-7452', 'reidosconsoles@reidosconsoles.com.br', '(11)94521-3512', 'Pagina', 'Pagina', 'Pagina', 'red');

-- --------------------------------------------------------

--
-- Estrutura da tabela `destaque_promocao`
--

CREATE TABLE `destaque_promocao` (
  `id` int(11) NOT NULL,
  `id_produto` int(11) NOT NULL,
  `categoria` varchar(10) NOT NULL
) ENGINE=InnoDB DEFAULT CHARSET=latin1;

--
-- Extraindo dados da tabela `destaque_promocao`
--

INSERT INTO `destaque_promocao` (`id`, `id_produto`, `categoria`) VALUES
(6, 3, 'promo'),
(9, 1, 'promo'),
(10, 5, 'promo'),
(11, 6, 'lanc'),
(13, 4, 'dest'),
(14, 8, 'dest'),
(15, 9, 'dest'),
(16, 14, 'promo'),
(17, 21, 'promo'),
(18, 19, 'lanc');

-- --------------------------------------------------------

--
-- Estrutura da tabela `produto`
--

CREATE TABLE `produto` (
  `id` int(11) NOT NULL,
  `nome` varchar(150) NOT NULL,
  `descricao` blob NOT NULL,
  `preco` float NOT NULL,
  `estrela` int(11) NOT NULL,
  `id_categoria` int(11) NOT NULL,
  `data_inclusao` datetime NOT NULL
) ENGINE=InnoDB DEFAULT CHARSET=latin1;

--
-- Extraindo dados da tabela `produto`
--

INSERT INTO `produto` (`id`, `nome`, `descricao`, `preco`, `estrela`, `id_categoria`, `data_inclusao`) VALUES
(1, 'Nintendo Switch Neon - Nova Edição', 0x41204e696e74656e646f20616e756e63696f7520756d206d6f64656c6f20617475616c697a61646f20646f20636f6e736f6c65207175652064696665726520646f206d6f64656c6f206f726967696e616c206e61206c6f6e676576696461646520646120626174657269612e0d0a0d0a456e7175616e746f206f206d6f64656c6f206f726967696e616c206461204e696e74656e646f205377697463682074656d20756d61206261746572696120717565206475726120656e74726520322e35206120362e3520686f7261732c206f206d6f64656c6f20617475616c697a61646f2074656d20756d61206261746572696120717565206475726120656e74726520342e352061203920686f7261732e0d0a0d0ac38920756d61206469666572656ec3a76120636f6e7369646572c3a176656c2e0d0a0d0a4e6f206361736f206573706563c3ad6669636f20646520546865204c6567656e64206f66205a656c64613a20427265617468206f66207468652057696c642c2061206261746572696120646120537769746368206f726967696e616c207065726d697465206a6f67617220647572616e7465203320686f7261732e0d0a0d0a41206261746572696120646f206e6f766f206d6f64656c6f207065726d697465206a6f67617220647572616e746520352e3520686f7261732e, 1949.9, 5, 4, '2019-10-06 13:17:47'),
(3, 'Splatoon 2 - Nintendo Switch', 0x53706c61746f6f6e20657374c3a120646520766f6c746120652061676f7261207472617a656e646f206d7569746173206e6f766964616465732c20616cc3a96d2064652061676f726120706f737375697220756d612076657273c3a36f2070617261206f204e696e74656e646f20537769746368206f206a6f676f207472617a206e6f7661732061726d61732c206e6f766f206d6f646f206a6f676f206465206a6f676f2c206d756c74696a6f6761646f72206c6f63616c2065206f6e6c696e652c206e6f766f73206d617061732070617261206a6f6761722065206173206e6f766173206d6f646f73206465206a6f676f2e2041676f726120636f6d206f204e696e74656e646f2053776974636820c3a920706f7373c3ad76656c206a6f67617220656d207175616c71756572206c75676172207175616e646f20766f63c3aa207175697365722c20646976697274612d736520636f6d207365757320616d69676f73206c7574616e646f2070656c6f20746572726974c3b372696f206d61697320636f6c6f7269646f2e0d0a0d0a53706c61746f6f6e20322074726f7578652061732053706c6174204475616c6965732c207175652073c3a36f206173206e6f7661732061726d6173206475706c61732c206a756e74616d656e746520636f6d2061206e6f7661206a6f6761646120526f6c6c202d2073c3a36f2069646561697320706172612064657376696172206465206174617175657320696d696e656e74652e204f206a6f676f2074616d62c3a96d207472617a206f206d6f646f2053616c6d6f6e2052756e2c2071756520636f6e736973746520656d20756e697220666f72c3a7617320636f6d206d616973207472c3aa73206a6f6761646f726573207061726120646572726f74617220686f726461732064652073616c6d6f6ec3ad64656f732e2053706c61746f6f6e20636f6e74696e75612064697665727469646f20636f6d6f206e756e63612c20616a756465204d6172696520612070726f63757261722043616c6c69652c206e6f206d6f646f207061726120756d206a6f6761646f722c206573636f6c6861207375612061726d6120706172612073757065726172206f627374c3a163756c6f73206520646572726f746172206f7320e2809c63686566c3b56573e2809d2e, 244.43, 4, 6, '2019-09-22 13:38:12'),
(4, 'Playstation Slim 1TB', 0x4f2053697374656d6120646f2050533420666f6361206e6f73206a6f6761646f7265732c20676172616e74696e646f20717565206f73206d656c686f726573206a6f676f732065206120657870657269c3aa6e636961206d61697320696d6572736976612073656a6120706f7373c3ad76656c206e6120706c617461666f726d612e204f20636f6e736f6c6520706f737375692073657520706f646572206772c3a16669636f206261736561646f20656d20756d2070726f6365737361646f7220706f6465726f736f2c2071756520706f73737569206f69746f206ec3ba636c656f732066756e63696f6e616e646f206120363420626974732e20456e74726520656d206469766572736f73206465736166696f7320636f6d2073756120636f6d756e69646164652067616d6572206520636f6d70617274696c6865207365757320747269c3ba6e666f7320c3a97069636f7320616f206170657274617220756d2073696d706c657320626f74c3a36f2c20636f6d206173206e6f7661732066756e63696f6e616c6964616465732064652053747265616d696e672c206772617661c3a7c3a36f2064652076c3ad64656f20652073637265656e73686f74732e0d0a0d0a4f20506c617953746174696f6e203420536c696d2c20c3a9206f206d6f64656c6f20e2809c6d6169732066696e6fe2809d2c206d616973206c65766520652061676f72612073656d207375617320626f726461732074c3a36f2072657461732c206c656d6272616e646f20756d20706172616c656c6570c3ad7065646f2e204f7320626f74c3b565732074616d62c3a96d20736f66726572616d206d7564616ec3a761732c20656c6573206ec3a36f2073c3a36f206d61697320656c6574726f7374c3a17469636f732c20766f6c74616e646f206120736572656d206d6563c3a26e69636f732e204f2050533420536c696d20c3a920612076657273c3a36f20636f6d706163746120646f20626f6d2c20652076656c686f2050533420e2809c464154e2809d2c20636f6e74616e646f20636f6d20696ec3ba6d65726f73206a6f676f73206520636cc3a1737369636f732072656d6173746572697a61646f732c20616cc3a96d20646173206d7569746f73206a6f676f73206578636c757369766f7320646120536f6e79, 1849.9, 3, 7, '2019-10-06 12:39:22'),
(5, 'Controle Pro Super Smash Bros', 0x546f726e6520737561732073657373c3b56573206465206a6f676f206d61697320696e74656e73617320636f6d206f204e696e74656e646f205377697463682050726f20436f6e74726f6c6c65722061646f726e61646f20636f6d206f206c6f676f7469706f20657370656369616c20537570657220536d6173682042726f732e20556c74696d6174652e0d0a506f7373756920636f6e74726f6c6573206465206d6f76696d656e746f2c207275c3ad646f2048442c2066756e63696f6e616c696461646520616d6969626f20696e74656772616461202a2065206d6169732e0d0a44657369676e20616c696d656e7461646f20706f7220626174657269612070617261206f70657261c3a7c3a36f206c6976726520646520656d6172616e6861646f732c20636f6d20636f6e73747275c3a7c3a36f206c6576652c20676172616e74696e646f20636f6e666f72746f20647572616e74652073657373c3b56573206465206a6f676f73206465206c6f6e67612064757261c3a7c3a36f2e0d0a436f6d706174c3ad76656c20636f6d206f20636f6e736f6c65206465206a6f676f73204e696e74656e646f20537769746368, 554.9, 4, 5, '2019-10-05 11:34:42'),
(6, 'Nintendo Switch Lite Cinza', 0x4f20537769746368204c69746520c3a920756d20636f6e736f6c6520746f74616c6d656e746520706f7274c3a174696c20652c20706f7274616e746f2c206ec3a36f20706f64652073657220636f6e65637461646f20616f20446f636b20646f206d6f64656c6f2070616472c3a36f2065206ec3a36f20706f7373756920756d6120656e7472616461206465206361626f2048444d492e0d0a4f20537769746368206f726967696e616c2c20706f72207375612076657a2c20706f646520736572207574696c697a61646f2074616e746f206e6f206d6f646f20706f7274c3a174696c207175616e646f20636f6e65637461646f20616f20446f636b206520656d20756d612074656c65766973c3a36f2e0d0a41206e6f76612076657273c3a36f2074616d62c3a96d20c3a9206d616973206c657665206520636f6d70616374612c20706573616e646f20706f75636f206d61697320646520323735206772616d6173206520612074656c612073656e73c3ad76656c20616f20746f71756520706f7373756920352e3520706f6c6567616461732c20656d20636f6d70617261c3a7c3a36f20636f6d20343030206772616d6173206520362e3220706f6c65676164617320646f206d6f64656c6f2070616472c3a36f2e0d0a41207265736f6c75c3a7c3a36f20646f204c69746520c3a920646520373230702c2061206d65736d6120717565206f205377697463682070616472c3a36f206f666572656365206e6f206d6f646f20706f7274c3a174696c202d2d207175616e646f2061636f706c61646f206e6f20446f636b2c206f20636f6e736f6c6520726f646120656d2031303830702e2041204e696e74656e646f2074616d62c3a96d20696e666f726d6120717565206f206e6f766f206d6f64656c6f206ec3a36f20706f7373756920756d20636f6e74726f6c6520646520616a75737465206175746f6dc3a17469636f20646f206272696c686f2064612074656c612c206d61732061696e646120c3a920706f7373c3ad76656c20636f6e74726f6c61722065737365206173706563746f206d616e75616c6d656e74652e0d0a416d626f73206f73206d6f64656c6f73206f6665726563656d207375706f72746520612057692d46692c204e46432c20426c7565746f6f7468206520706f737375656d2033322047422064652065737061c3a76f20696e7465726e6f2c20636f6d2061206f70c3a7c3a36f2064652073657220657870616e6469646f20636f6d20756d2063617274c3a36f206d6963726f53442e0d0a4ac3a120612064757261c3a7c3a36f206461206261746572696120706f64652076617269617220656e747265207472c3aa732061207365746520686f7261732c20646570656e64656e646f20646f2067616d65206f752061706c6963617469766f20717565206f20636f6e736f6c65206573746976657220726f64616e646f2e0d0a4973736f20726570726573656e746120756d206c69676569726f20617072696d6f72616d656e746f207175616e646f20636f6d70617261646f20612062617465726961206f726967696e616c2c20717565206475726120656e74726520322e3520686f726173206120362e3520686f7261732e2050656c612070726f706f7374612c206f7320636f6e74726f6c657320646f204c6974652073c3a36f2061636f706c61646f73206e6f20636f6e736f6c6520652c20706f7274616e746f2c206ec3a36f20706f64656d207365722064657361636f706c61646f7320636f6d6f206f73204a6f792d436f6e2e0d0a4120646973747269627569c3a7c3a36f20646f7320626f74c3b5657320c3a92061206d65736d612c20636f6d2065786365c3a7c3a36f20646f206e6f766f206469726563696f6e616c20656d206372757a206e6f206c61646f20657371756572646f20646f20646973706f73697469766f2e, 1555.54, 4, 4, '2019-10-06 12:01:03'),
(7, 'Nintendo Switch Cinza', 0x4f206e6f766f204e696e74656e646f20c3a920756d2068c3ad627269646f20656e74726520636f6e736f6c65206465206d657361206520706f7274c3a174696c2c206f752073656a612c20766f63c3aa20706f6465206573636f6c6865722073652071756572206a6f676172206e61205456206461207375612063617361206f752070726566657265207573c3a12d6c6f20636f6d6f20756d20706f7274c3a174696c2c20766f63c3aa206e656d2070726563697361206465736c69676172206f20636f6e736f6c652070617261206d75646172206f206d6f646f206465206a6f6761722c206170656e617320636f6e65637465206f7320636f6e74726f6c6573206c61746572616973206e612074656c6120646f20636f6e736f6c65206520657374c3a12070726f6e746f2070617261206a6f67617220656d207175616c71756572206c756761722071756520766f63c3aa20666f722e, 1777.7, 5, 4, '2019-10-06 12:27:12'),
(8, 'Zelda: Breath of the Wild', 0x436f6d6f206ec3a36f20706f646572696120646569786172206465207365722c2061207072696e636970616c206e6f766964616465206461206573747265696120646520546865204c6567656e64206f66205a656c6461206e61206e6f76612067657261c3a7c3a36f2073c3a36f206f73206772c3a16669636f7320646520706f6e7461206520612074c3a36f20657370657261646120616c746120646566696e69c3a7c3a36f2c206f20717565206465697861206f20766173746f206d756e646f20646520487972756c65206d7569746f206d61697320626f6e69746f206520646574616c6861646f2e204f206a6f676f20636f6e74612061676f726120636f6d20756d20657374696c6f20656d206d756e646f2061626572746f2071756520666f6765206461207265616c696461646520646f732074c3ad74756c6f7320616e746572696f7265732c20652070726f6d657465206d756974617320696e6f7661c3a7c3b56573206e6f206d756e646f20646f732067616d65732e0d0a4e61207472616d612c2074656d6f73206120626f6120652076656c686120657374727574757261207175652061636f6d70616e686120612073c3a9726965206e6f7320c3ba6c74696d6f7320323520616e6f732c2061206c757461206465204c696e6b20706172612070726f74656765722061205072696e63657361205a656c646120652c206465207175656272612c2073616c766172206f207265696e6f2c2065206d6563c3a26e69636173206465206a6f676162696c696461646520636f6d706c6574616d656e7465206e6f7661732e, 293.77, 5, 6, '2019-10-06 12:29:37'),
(9, 'Super Smash Bros', 0x4d756e646f73206465206a6f676f73206c656e64c3a172696f732065206c757461646f72657320636f6c6964656d206e6f20636f6e66726f6e746f2066696e616c202d20756d61206e6f766120656e7472616461206e612073c3a972696520537570657220536d6173682042726f732e2070617261206f2073697374656d61204e696e74656e646f2053776974636821204e6f766f73206c757461646f7265732c20636f6d6f20496e6b6c696e672064612073c3a97269652053706c61746f6f6e2065205269646c65792064612073c3a9726965204d6574726f69642c2066617a656d207375612065737472c3a96961206e612073c3a972696520537570657220536d6173682042726f732e20616f206c61646f20646520746f646f73206f73206c757461646f72657320537570657220536d6173682042726f732e2064612073c3a97269652120436f6d6261746573206d6169732072c3a17069646f732c206e6f766f73206974656e732c206e6f766f7320617461717565732c206e6f766173206f70c3a7c3b5657320646566656e73697661732065206d7569746f206d616973206d616e746572c3a36f206120626174616c68612066657276656e646f20736520766f63c3aa20657374c3a120656d2063617361206f7520226f6e2074686520676f222e, 277.38, 5, 6, '2019-10-06 13:17:10'),
(10, 'Adesivo Mario Odyssey Capture Map', 0x4164657369766f2070617261204e696e74656e646f20537769746368204d6172696f204f6479737365792043617074757265204d61702e0d0a456e74726520656d20756d206d756e646f206e6f766f20652064697665727469646f2064656978616e646f206f20736575205377697463682061696e6461206d616973206c6567616c2e0d0a50726f74656a61206520646520756d612063617261206e6f7661207061726120736575206a6f792d636f6e20636f6d206f73206164657369766f73206465207365757320706572736f6e6167656e73206661766f7269746f732e0d0a416cc3a96d206465207475646f206973736f2c20656c652076656d20636f6d20756d2070726f7465746f722064652074656c61207061726120657669746172207175616c717565722064616e6f2e, 46.39, 3, 5, '2019-10-06 12:35:34'),
(11, 'Playstation Pro 1TB 4K', 0x4f206e6f766f20636f6e736f6c6520506c617953746174696f6e20342050726f2c207472617a206d7569746f206d61697320706f6465722064652070726f63657373616d656e746f206772c3a16669636f2c20616cc3a96d20646520636f6e74617220636f6d207375706f727465206173207465636e6f6c6f6769617320484452206520344b2e20456c6520636f6e746120636f6d20756d61206e6f7661204750552028342e32302054464c4f50532c20414d4420526164656f6ee284a2292e2044656978616e646f206f20636f6e736f6c6520636f6d20756d612074617861206465206672616d6573206d7569746f206d61697320657374c3a176656c2e0d0a4f205053342050726f20c3a9206d7569746f206d61697320726f627573746f2c2065207365752076697375616c20c3a9206d7569746f206d61697320706172656369646f20636f6d206f2050533420536c696d2c20646f2071756520636f6d206f20646f2050533420e2809c464154e2809d2e2045737361206e6f76612076657273c3a36f20646f20506c617953746174696f6e20342c20c3a9206d7569746f206d61697320706f6465726f73612c207472617a656e646f20616f206a6f6761646f72206d7569746f206d61697320666c756964657a2065207175616c696461646520646520696d6167656d20616f732073657573206a6f676f732e20416cc3a96d206465207375706f72746520344b2070617261207365727669c3a76f732064652073747265616d696e672c20636f6d6f204e6574666c6978206520596f7554756265, 2579, 4, 7, '2019-10-06 12:42:28'),
(12, 'Controle sem Fio - Dualshock 4 Preto', 0x4f207461746f2c206120666f726d61206520612073656e736962696c696461646520646f7320626f74c3b56573206520737469636b73206475706c6f7320616e616cc3b36769636f7320666f72616d206d656c686f7261646f732070617261206f66657265636572206d61696f722073656e7361c3a7c3a36f20646520636f6e74726f6c652c206ec3a36f20696d706f727461207175616c2073656a61206f206a6f676f2e2041206e6f76612074656c61206d756c7469746f71756520636c6963c3a176656c206e612070617274652066726f6e74616c20646f20436f6e74726f6c652073656d2046696f204475616c73686f636b2034206162726520756d206d756e646f206465206e6f76617320706f73736962696c696461646573206465206a6f676f2c2074616e746f2070617261206e6f766f73206a6f6761646f72657320636f6d6f2070617261207665746572616e6f732e0d0a4f73207472c3aa73204c4544732064656e74726f206461206261727261206465206c757a20706f64656d20676572617220756d206172636f2dc3ad72697320646520636f72657320717565206174756120656d20636f6e6a756e746f20636f6d20612063c3a26d65726120646f20506c617953746174696f6e207061726120637269617220657870657269c3aa6e63696173206465206a6f676f20696d657273697661732e20456c65732074616d62c3a96d207065726d6974656d2071756520646573656e766f6c7665646f726573207573656d206f207265637572736f207061726120686162696c697461722061732066756e63696f6e616c6964616465732064652066c3a163696c206964656e746966696361c3a7c3a36f20646f206a6f6761646f72206520646520616a757374652064612074656c61207175616e646f206f73206a6f6761646f726573206a6f67616d20636f6d20616d69676f73206e61206d65736d612073616c612e204f204475616c73686f636b203420706f7373756920616c746f2d66616c616e746520696e7465677261646f206520636f6e6563746f7220657374c3a972656f207061726120666f6e652c20646973706f6e6962696c697a616e646f206469766572736173206f70c3a7c3b56573206e6f76617320646520c3a17564696f206e6173206dc3a36f7320646f206a6f6761646f722e, 199.9, 3, 10, '2019-10-06 12:47:24'),
(13, 'Borrachinha p/ Analogicos Grip Color', 0x2d205175616c696461646520646520636f6e6669616ec3a7612c20657374696c6f2070726f66697373696f6e616c20737570657266c3ad63696520746578747572697a6164610d0a2d20412061706c696361c3a7c3a36f2073696d706c6573206c657661206170656e617320616c67756e7320736567756e646f730d0a2d204ec3a36f207365207072656f6375706520636f6d206f7320706f6c65676172657320737561646f73206e6f76616d656e74650d0a2d2041646963696f6e6520756d20706f75636f2064652061646572c3aa6e636961206520636f6e666f72746f2070617261206f20736575206a6f676f206f20737566696369656e74652070617261206ec3a36f20646569786172206f73206465646f73206573636f727265676172656d0d0a2d204a756e746f20636f6d2061732063617061732064652073696c69636f6e652c20766f63c3aa20746572c3a1206120666f72c3a76120646520616c6176616e6361206578747261206520707265636973c3a36f2071756520766f63c3aa20646573656a61, 15.1, 4, 10, '2019-10-06 12:50:48'),
(14, 'Kingdom Hearts III', 0x4b494e47444f4d204845415254532049494920636f6e746120612068697374c3b372696120646f20706f64657220646120616d697a61646520656e7175616e746f20536f72612065207365757320616d69676f7320656d62617263616d20656d20756d612070657269676f7361206176656e747572612e204f206a6f676f20736520706173736120656d206469766572736f73206d756e646f73206461204469736e657920652050697861722c2073656775696e646f2061206a6f726e61646120646520536f72612c20756d206a6f76656d206761726f746f2071756520646573636f6e68656365206f20706f6465722065737065746163756c61722071756520686572646f752e20536f726120736520756e652061205061746f20446f6e616c642065205061746574612c20646f697320656d697373c3a172696f7320656e766961646f732070656c6f20526569204d69636b657920646f2043617374656c6f204469736e65792c207061726120696d70656469722071756520756d6120666f72c3a761206d616c69676e6120636f6e68656369646120636f6d6f2048656172746c65737320696e76616461206520646f6d696e65206f20756e69766572736f2e204174726176c3a97320646f20706f64657220646120706f73697469766964616465206520646120616d697a6164652c20536f72612c20446f6e616c6420652050617465746120736520756e656d206120706572736f6e6167656e73206963c3b46e69636f73206461204469736e65792d50697861722c20616e7469676f732065206e6f766f732c207061726120656e6672656e746172206772616e646573206465736166696f7320652076656e63657220612065736375726964c3a36f2071756520616d6561c3a7612073657573206d756e646f732e, 129, 5, 14, '2019-10-06 13:18:02'),
(15, 'Mortal Kombat 11', 0x456c6520657374c3a120646520766f6c74612c206d656c686f7220646f20717565206e756e63612c20656d20756d612065766f6c75c3a7c3a36f206461206963c3b46e696361206672616e717569612e0d0a436f6d206c757461646f72657320636cc3a1737369636f732c206e6f766f73206520616e7469676f732c206120696e6372c3ad76656c2063696e656dc3a17469636120646f206d6f646f2068697374c3b3726961206465204d6f7274616c204b6f6d62617420636f6e74696e7561206120636f6e7461722061207361676120c3a97069636120646520323520616e6f7320617472c3a1732e, 119.99, 5, 14, '2019-10-06 12:56:34'),
(16, 'Xbox One 500 Gb Branco', 0x4e6f206e6f766f2058626f78204f6e6520532c20766f63c3aa20706f646520736520646976657274697220636f6d2061206d61696f72206c696e6861206465206a6f676f732c20696e636c75696e646f206a6f676f7320636cc3a1737369636f7320646f2058626f78203336302c20656d20756d20636f6e736f6c6520343025206d656e6f722e2041726d617a656e65206d616973206a6f676f7320646f20717565206e756e636120636f6d20756d20656e6f726d6520646973636f2072c3ad6769646f2064652035303047422e204173736973746120612066696c6d657320426c752072617920554844206e6120696d7072657373696f6e616e746520666964656c69646164652076697375616c2e0d0a456d20736567756964612c206578706572696d656e7465206f206d61696f7220636f6e666f72746f20652073656e7361c3a7c3a36f20646f206e6f766f20636f6e74726f6c652073656d2066696f20646f2058626f782c20636f6d20616e616cc3b36769636f20746578747572697a61646f2065207465636e6f6c6f67696120426c7565746f6f74682e20436f6d20746f646f73206f73206d61696f726573207375636573736f7320646573746520616e6f2c207475646f206f2071756520766f63c3aa20616d6120736f6272652058626f78203336302061696e6461206d656c686f72206e6f2058626f78204f6e652e0d0a4ec3a36f20736520656e67616e6520636f6d206f2074616d616e686f3a20636f6d20756d6120666f6e746520646520616c696d656e7461c3a7c3a36f20696e7465726e612065206174c3a9203154422064652061726d617a656e616d656e746f20696e7465726e6f2c206f2058626f78204f6e65205320c3a9206f2058626f78206d616973206176616ec3a761646f20717565206ac3a120657869737469752e0d0a436f6d207265736f6c75c3a7c3a36f2071756174726f2076657a6573206d61696f7220717565206f2048642070616472c3a36f2c206f20556c74726120486420344b206f666572656365206f2076c3ad64656f206d616973206ec3ad7469646f2065207265616cc3ad737469636f20706f7373c3ad76656c2e204661c3a7612073747265616d696e6720646520636f6e7465c3ba646f20344b2065206173736973746120612066696c6d657320656d20426c752072617920556c74726120486420636f6d20756d6120696d7072657373696f6e616e746520666964656c69646164652076697375616c20646520616c746f20616c63616e63652064696ec3a26d69636f2e0d0a436f6e666967757265207365752058626f78204f6e6520532070617261206c69676172206f7574726f7320646973706f73697469766f732c20636f6d6f2054762c207265636570746f7220646520c3a17564696f2f76c3ad64656f2c207265636570746f72206465206361626f2f736174c3a96c6974652e20536520766f63c3aa2065737469766572206a6f67616e646f206f7520617373697374696e646f206120756d2066696c6d652c206f20497220426c617374657220696e7465677261646f20696e6963696172c3a120612061c3a7c3a36f20636f6d206d616973207261706964657a2c207065726d6974696e646f2071756520766f63c3aa207365206573717565c3a76120646f7320636f6e74726f6c65732072656d6f746f732e0d0a4578706572696d656e7465206f206d61696f7220636f6e666f72746f20646f206e6f766f20436f6e74726f6c652053656d2046696f2058626f782c20717565206170726573656e746120756d2064657369676e206d61697320656c6567616e7465206520616e6174c3b46d69636f2e2054656e6861206174c3a9206f20646f62726f20646f20616c63616e63652073656d2066696f2e, 1439.9, 4, 11, '2019-10-06 13:00:47'),
(17, 'Console Xbox One X 4K 1Tb', 0x4e6f2058626f78204f6e652058206f73206a6f676f7320726f64616d206d7569746f206d656c686f722e20436f6d20343025206d61697320706f64657220646f20717565207175616c71756572206f7574726f20636f6e736f6c652c206578706572696d656e7465206f73207665726461646569726f73206a6f676f7320344b2e204f73206a6f676f7320666963616d20636f6d20756d6120c3b374696d61207265736f6c75c3a7c3a36f2c2066756e63696f6e616d2073656d2070726f626c656d6173206520636172726567616d207261706964616d656e74652c206d65736d6f20656d20756d612074656c612064652031303830702e204f2058626f78204f6e6520582074616d62c3a96d2066756e63696f6e6120636f6d20746f646f73206f732073657573206a6f676f732065206163657373c3b372696f7320646f2058626f78204f6e652c2062656d20636f6d6f206f2058626f78204c6976652c20756d612072656465206d756c7469706c61796572206176616ec3a76164612c20717565206c6865206f666572656365206d616973206d616e6569726173206465206a6f6761722e, 2455, 5, 11, '2019-10-06 13:04:58'),
(18, 'Controle Xbox One Com Adaptador para PC', 0x436f6e74726f6c652058626f78204f6e6520636f6d20504320416461707465722c206578706572696d656e746520612061c3a7c3a36f20636f6d6f206e756e636120616e74657320636f6d206f20636f6e74726f6c652073656d2066696f20706172612073657520636f6e736f6c652e204f73206e6f766f7320676174696c686f7320646520696d70756c736f20656e74726567616d20756d207265746f726e6f206465207669627261c3a7c3a36f206e6120706f6e746120646f732073657573206465646f732c20706172612071756520766f63c3aa20706f7373612073656e74697220636164612061c3a7c3a36f20646f206a6f676f2e, 379, 3, 13, '2019-10-06 13:06:47'),
(19, 'Controle Sem Fio Xbox One - Elite Branco', 0x436f6d20756d61207175616c696461646520696e6372c3ad76656c2c2064657369676e206520636f6e666f72746f20696d706563c3a176656c2c20c3a92061206d656c686f72206f70c3a7c3a36f20646520636f6e74726f6c6520706172612073657520636f6e736f6c652e0d0a506f737375c3ad20636172616374657269737469636173206573706563696169732c206f7320676174696c686f7320706f64656d207365722074726f6361646f73206465206c756761722c206f73206469726563696f6e6169732073c3a36f20706572736f6e616c697ac3a176656973206520666f6920646573656e766f6c7669646f20636f6d206d6174657269616c2061696e6461206d61697320726573697374656e746520717565206f73206f7574726f7320636f6e74726f6c6573206461206d617263612c20656e747265206f757472617320696e66696e69746173207175616c696461646573207175652073c3b3206f20636f6e74726f6c6520456c6974652074656d2e205669766120766964617320696e6372c3ad7665697320636f6d2065737365206163657373c3b372696f20c3ba6e69636f21, 999, 5, 13, '2019-10-06 13:18:53'),
(20, 'Titanfall', 0x43726961646f20706f7220756d20646f7320636f6175746f7265732064652043616c6c206f6620447574792065206f7574726f7320696d706f7274616e74657320646573656e766f6c7665646f726573206461206672616e717569612043616c6c206f6620447574792c20546974616e66616c6c20c3a920756d20756e69766572736f20746f74616c6d656e7465206e6f766f206d6f737472616e646f206f2070657175656e6f20636f6e747261206f20676967616e74652c206f206e61747572616c20636f6e747261206f20696e647573747269616c2065206f20686f6d656d20636f6e7472612061206dc3a17175696e612e204f7320766973696f6ec3a172696f73206461205265737061776e207469726172616d2073756120696e7370697261c3a7c3a36f206465207375617320657870657269c3aa6e6369617320636f6d70726f7661646173206e6f2063656ec3a172696f206465206a6f676f73206465207072696d6569726120706573736f612c206520636f6d20546974616e66616c6c20657374c3a36f20666f6361646f7320656d206c6576617220616c676f20656d706f6c67616e746520c3a0207072c3b378696d612067657261c3a7c3a36f206465206a6f676f206d756c7469706c617965722e, 27, 4, 12, '2019-10-06 13:11:28'),
(21, 'Dragon Ball Xenoverse', 0x4f206d61697320726563656e7465206a6f676f20646520447261676f6e2042616c6c207065726d69746520717565206f73206a6f6761646f72657320706572736f6e616c697a656d206520646573656e766f6c76616d206f20736575207072c3b37072696f2067756572726569726f2e2043726965206f2061766174617220706572666569746f2c20747265696e65207061726120617072656e646572206e6f7661732074c3a9636e69636173206520616a75646172205472756e6b73206120656e6672656e746172206e6f766f7320696e696d69676f7320706172612072657374617572617220612068697374c3b3726961206f726967696e616c2064612073c3a97269652e204a756e74652d73652061206d61697320646520323030206a6f6761646f72657320646f206d756e646f20696e746569726f206e612063696461646520646520546f6b69746f6b692065206c75746520636f6e747261206f7520616f206c61646f2064656c65732c20636f6d706574696e646f20656d20746f726e65696f73206f6e6c696e65, 89.9, 4, 12, '2019-10-06 13:18:10');

-- --------------------------------------------------------

--
-- Estrutura da tabela `produto_imagem`
--

CREATE TABLE `produto_imagem` (
  `id` int(11) NOT NULL,
  `img` varchar(300) NOT NULL,
  `id_produto` int(11) NOT NULL,
  `principal` tinyint(1) NOT NULL
) ENGINE=InnoDB DEFAULT CHARSET=latin1;

--
-- Extraindo dados da tabela `produto_imagem`
--

INSERT INTO `produto_imagem` (`id`, `img`, `id_produto`, `principal`) VALUES
(2, 'img_prod_2.jpg', 3, 0),
(5, 'img_prod_5.jpg', 1, 0),
(18, 'img_prod_18.jpg', 4, 0),
(20, 'img_prod_20.jpg', 1, 0),
(21, 'img_prod_21.jpg', 5, 0),
(23, 'img_prod_23.jpg', 5, 0),
(24, 'img_prod_24.jpg', 6, 0),
(25, 'img_prod_25.jpg', 6, 0),
(26, 'img_prod_26.jpg', 7, 0),
(27, 'img_prod_27.jpg', 8, 0),
(28, 'img_prod_28.jpg', 8, 0),
(29, 'img_prod_29.jpg', 9, 0),
(30, 'img_prod_30.jpg', 9, 0),
(31, 'img_prod_31.jpg', 10, 0),
(32, 'img_prod_32.jpg', 10, 0),
(34, 'img_prod_34.jpg', 4, 0),
(35, 'img_prod_35.jpg', 11, 0),
(36, 'img_prod_36.jpg', 11, 0),
(37, 'img_prod_37.jpg', 12, 0),
(39, 'img_prod_39.jpg', 12, 0),
(40, 'img_prod_40.jpg', 13, 0),
(41, 'img_prod_41.jpg', 14, 0),
(42, 'img_prod_42.jpg', 14, 0),
(43, 'img_prod_43.jpg', 15, 0),
(44, 'img_prod_44.jpg', 15, 0),
(45, 'img_prod_45.jpg', 16, 0),
(47, 'img_prod_47.jpg', 16, 0),
(48, 'img_prod_48.jpg', 17, 0),
(49, 'img_prod_49.jpg', 17, 0),
(50, 'img_prod_50.jpg', 18, 0),
(51, 'img_prod_51.jpg', 18, 0),
(52, 'img_prod_52.jpg', 19, 0),
(53, 'img_prod_53.jpg', 20, 0),
(54, 'img_prod_54.jpg', 21, 0);

-- --------------------------------------------------------

--
-- Estrutura da tabela `usuario`
--

CREATE TABLE `usuario` (
  `id` int(11) NOT NULL,
  `nome` varchar(50) NOT NULL,
  `apelido` varchar(50) NOT NULL,
  `email` varchar(150) NOT NULL,
  `senha` varchar(64) NOT NULL,
  `ativo` tinyint(1) NOT NULL DEFAULT '1'
) ENGINE=InnoDB DEFAULT CHARSET=latin1;

--
-- Extraindo dados da tabela `usuario`
--

INSERT INTO `usuario` (`id`, `nome`, `apelido`, `email`, `senha`, `ativo`) VALUES
(1, 'Admin', 'Admin', 'Admin@admin.com', '25d55ad283aa400af464c76d713c07ad', 1);

--
-- Indexes for dumped tables
--

--
-- Indexes for table `carrossel_imagem`
--
ALTER TABLE `carrossel_imagem`
  ADD PRIMARY KEY (`id`);

--
-- Indexes for table `categoria`
--
ALTER TABLE `categoria`
  ADD PRIMARY KEY (`id`);

--
-- Indexes for table `color_site`
--
ALTER TABLE `color_site`
  ADD PRIMARY KEY (`id`);

--
-- Indexes for table `contato`
--
ALTER TABLE `contato`
  ADD PRIMARY KEY (`id`);

--
-- Indexes for table `destaque_promocao`
--
ALTER TABLE `destaque_promocao`
  ADD PRIMARY KEY (`id`);

--
-- Indexes for table `produto`
--
ALTER TABLE `produto`
  ADD PRIMARY KEY (`id`);

--
-- Indexes for table `produto_imagem`
--
ALTER TABLE `produto_imagem`
  ADD PRIMARY KEY (`id`);

--
-- Indexes for table `usuario`
--
ALTER TABLE `usuario`
  ADD PRIMARY KEY (`id`);

--
-- AUTO_INCREMENT for dumped tables
--

--
-- AUTO_INCREMENT for table `carrossel_imagem`
--
ALTER TABLE `carrossel_imagem`
  MODIFY `id` int(11) NOT NULL AUTO_INCREMENT, AUTO_INCREMENT=7;

--
-- AUTO_INCREMENT for table `categoria`
--
ALTER TABLE `categoria`
  MODIFY `id` int(11) NOT NULL AUTO_INCREMENT, AUTO_INCREMENT=16;

--
-- AUTO_INCREMENT for table `color_site`
--
ALTER TABLE `color_site`
  MODIFY `id` int(11) NOT NULL AUTO_INCREMENT, AUTO_INCREMENT=21;

--
-- AUTO_INCREMENT for table `contato`
--
ALTER TABLE `contato`
  MODIFY `id` int(11) NOT NULL AUTO_INCREMENT, AUTO_INCREMENT=2;

--
-- AUTO_INCREMENT for table `destaque_promocao`
--
ALTER TABLE `destaque_promocao`
  MODIFY `id` int(11) NOT NULL AUTO_INCREMENT, AUTO_INCREMENT=19;

--
-- AUTO_INCREMENT for table `produto`
--
ALTER TABLE `produto`
  MODIFY `id` int(11) NOT NULL AUTO_INCREMENT, AUTO_INCREMENT=22;

--
-- AUTO_INCREMENT for table `produto_imagem`
--
ALTER TABLE `produto_imagem`
  MODIFY `id` int(11) NOT NULL AUTO_INCREMENT, AUTO_INCREMENT=55;

--
-- AUTO_INCREMENT for table `usuario`
--
ALTER TABLE `usuario`
  MODIFY `id` int(11) NOT NULL AUTO_INCREMENT, AUTO_INCREMENT=2;
COMMIT;

/*!40101 SET CHARACTER_SET_CLIENT=@OLD_CHARACTER_SET_CLIENT */;
/*!40101 SET CHARACTER_SET_RESULTS=@OLD_CHARACTER_SET_RESULTS */;
/*!40101 SET COLLATION_CONNECTION=@OLD_COLLATION_CONNECTION */;
